{
  "loss": [
    0.2899090916879715,
    0.23633922155826323,
    0.25696878087136055,
    0.19566568419817956,
    0.22199382488766023,
    0.2091103222581648,
    0.2043087869401901,
    0.21808253709347017,
    0.21204859042359936,
    0.22286594226475684,
    0.205643282061623,
    0.21575173831755115,
    0.22145866770898143,
    0.17697975207721034,
    0.19419281641321798,
    0.2031848634923658,
    0.20349934408741613,
    0.17928918955787534,
    0.17844062995526097,
    0.20577816953582148,
    0.1885109620709573,
    0.17121688132324525,
    0.1689336670021857
  ],
  "accuracy": [
    44.91017964071856,
    55.688622754491014,
    64.07185628742515,
    59.88023952095808,
    56.886227544910184,
    60.47904191616767,
    48.50299401197605,
    61.07784431137725,
    65.26946107784431,
    55.688622754491014,
    64.67065868263472,
    51.49700598802395,
    50.29940119760479,
    53.293413173652695,
    58.68263473053892,
    67.66467065868264,
    67.66467065868264,
    61.67664670658682,
    65.86826347305389,
    55.688622754491014,
    55.688622754491014,
    55.08982035928144,
    61.67664670658682
  ],
  "train_accuracy": [
    61.29032258064516,
    87.09677419354838,
    74.19354838709677,
    93.54838709677419,
    90.32258064516128,
    90.32258064516128,
    90.32258064516128,
    83.87096774193549,
    87.09677419354838,
    90.32258064516128,
    93.54838709677419,
    87.09677419354838,
    90.32258064516128,
    96.7741935483871,
    93.54838709677419,
    93.54838709677419,
    80.64516129032258,
    100.0,
    93.54838709677419,
    90.32258064516128,
    100.0,
    90.32258064516128,
    96.7741935483871
  ],
  "epoch_time": [
    44.53547716140747,
    44.056293964385986,
    44.552688121795654,
    44.59122586250305,
    44.27024555206299,
    45.39135503768921,
    44.485207080841064,
    45.05266523361206,
    44.41166114807129,
    44.617368936538696,
    44.28003287315369,
    44.15363693237305,
    44.25564908981323,
    44.1642382144928,
    44.015175104141235,
    44.37364745140076,
    44.710012912750244,
    44.611188650131226,
    45.21142268180847,
    44.19470715522766,
    44.100135803222656,
    44.31889319419861,
    44.17715287208557
  ],
  "final_metrics": {
    "accuracy": 67.66467065868264,
    "far": 17.0,
    "frr": 55.223880597014926,
    "gar": 44.776119402985074,
    "eer": 55.61194029850747,
    "roc_auc": 0.4933582089552239,
    "mean_genuine": 0.13775162999309712,
    "mean_impostor": 0.12691121373325587,
    "std_genuine": 0.6972200389589814,
    "std_impostor": 0.571922042217873,
    "optimal_threshold": 0.812,
    "optimal_far": 15.0,
    "optimal_frr": 55.223880597014926
  },
  "best_epoch": 16,
  "config": {
    "epochs_run": 23,
    "epochs_max": 30,
    "batch_size": 8,
    "lr": 0.001,
    "margin": 0.3,
    "threshold": 0.8,
    "val_fraction": 0.25,
    "val_pairs": 200
  }
}