{
  "loss": [
    0.24038021053586686,
    0.16735835479838507,
    0.08388647117785045,
    0.06133911332913807,
    0.09177259355783463,
    0.0209353363939694,
    0.04399612971714565,
    0.11873099952936172,
    0.013757205435207911,
    0.008296743035316467,
    0.04889025006975446,
    0.049170786780970435,
    0.06043814016239984,
    0.006540565618446895,
    0.03523630223103932,
    0.11615852053676333,
    0.06709495825426919,
    0.0004457937819617135,
    0.01591246255806514,
    0.002450274569647653,
    0.0,
    0.013961364115987505,
    0.026037901639938354,
    0.011860644178731101,
    0.0,
    0.0,
    0.0,
    0.0,
    0.004594908228942326,
    0.0
  ],
  "accuracy": [
    0.0,
    36.0,
    62.0,
    80.0,
    100.0,
    100.0,
    96.0,
    84.0,
    100.0,
    100.0,
    100.0,
    92.0,
    96.0,
    100.0,
    94.0,
    100.0,
    100.0,
    100.0,
    100.0,
    100.0,
    100.0,
    100.0,
    100.0,
    100.0,
    100.0,
    100.0,
    100.0,
    100.0,
    100.0,
    100.0
  ],
  "epoch_time": [
    11.067116498947144,
    10.917877912521362,
    10.217128276824951,
    11.25321650505066,
    11.758308410644531,
    10.644863367080688,
    10.614785194396973,
    10.302385568618774,
    10.578959703445435,
    10.330698013305664,
    10.789368629455566,
    10.57943868637085,
    10.295968770980835,
    10.500425338745117,
    10.770755290985107,
    10.764783143997192,
    10.79058313369751,
    10.533182144165039,
    10.629447221755981,
    10.464874029159546,
    10.937465906143188,
    10.43779706954956,
    10.687420129776001,
    10.530576467514038,
    10.31742000579834,
    10.311356544494629,
    10.386057376861572,
    10.64632511138916,
    10.705310821533203,
    10.48017406463623
  ]
}